{
    "jobs": [
        {
            "client_name": "",
            "position": "",
            "start_date": "yyyy/mm/dd",
            "end_date": "yyyy/mm/dd",
            "is_current_job": true,
            "work_type": "contract/employee",
            "monthly_income": [
                {
                    "start_date": "yyyy/mm/dd",
                    "amount": 10500.99,
                    "currency": "USD"
                }
            ],
            
            "overview": "free text"
        }
    ],
    "logs": [
        {
            "date": "yyyy/mm/dd",
            "current": [],
            "notes": [],
            "actions": [
                {
                    "deadline": "yyyy/mm/dd",
                    "description": ""
                },
                {
                    "deadline": "yyyy/mm/dd",
                    "description": ""
                }
            ],
            "communication": [],
            "mood": [],
            "other": []
        }
    ],
    "all_actions": [
        {
            "deadline": "yyyy/mm/dd",
            "description": ""
        },
        {
            "deadline": "yyyy/mm/dd",
            "description": ""
        }
    ]
}